src,dst,haul_category,direct_distance_km,runs,dijkstra_mean_time_ms,astar_mean_time_ms,dijkstra_median_time_ms,astar_median_time_ms,dijkstra_cost_km,astar_cost_km,cost_equal,cost_diff_km,dijkstra_hops,astar_hops,dijkstra_expanded_nodes,astar_expanded_nodes,expanded_nodes_saved_by_astar,pct_expansion_reduction,dijkstra_relaxations,astar_relaxations,relaxations_saved_by_astar,speedup_mean_d_over_a,speedup_median_d_over_a,mean_time_saved_ms,median_time_saved_ms,pct_time_reduction_mean
EWR,JFK,short,33.395311074401214,200,0.05036599904997274,0.058954000123776495,0.03350002225488424,0.05155001417733729,622.4850162,622.4850162,True,0.0,2,2,3,3,0,0.0,35,35,0,0.8543270845782667,0.6498547631750549,-0.008588001073803753,-0.018049991922453046,-17.051187777061273
JFK,EWR,short,33.395311074401214,200,0.06394899945007637,0.10613399877911434,0.045150023652240634,0.07355000707320869,1600.1996783,1600.1996783,True,0.0,2,2,8,3,5,62.5,107,33,74,0.6025307647473717,0.6138683794727597,-0.042184999329037964,-0.028399983420968056,-65.96662917606851
FLL,MIA,short,33.99073487630329,200,0.05382299976190552,0.06213799904799089,0.04225000157020986,0.05050003528594971,595.8753487,595.8753487,True,0.0,2,2,3,3,0,0.0,21,21,0,0.8661849526299766,0.836633109877545,-0.008314999286085367,-0.008250033715739846,-15.448784576980223
MIA,FLL,short,33.99073487630329,200,0.07446000061463565,0.08769699983531609,0.04874999285675585,0.05505001172423363,1895.5085392,1895.5085392,True,0.0,2,2,9,4,5,55.55555555555556,119,42,77,0.8490598396120977,0.8855582647459376,-0.013236999220680445,-0.006300018867477775,-17.777328916753476
PHL,EWR,short,128.8435641706146,200,0.034714000357780606,0.059981499798595905,0.0344999716617167,0.052099989261478186,772.4492224,772.4492224,True,0.0,2,2,5,3,2,40.0,62,29,33,0.5787451209846743,0.6621876923730072,-0.0252674994408153,-0.017600017599761486,-72.78763375121065
JFK,PHL,short,150.6196043270237,200,0.05044249934144318,0.0497305000317283,0.04160002572461963,0.04770001396536827,1544.7772955,1544.7772955,True,0.0,2,2,7,3,4,57.14285714285714,97,33,64,1.0143171556541886,0.8721176843852199,0.0007119993097148836,-0.006099988240748644,1.4115068028159983
PHL,JFK,short,150.6196043270237,200,0.04378350015031174,0.05683950177626684,0.03440000000409782,0.04850002005696297,750.3209896000001,750.3209896000001,True,0.0,2,2,4,3,1,25.0,46,29,17,0.7703005617933372,0.7092780572811153,-0.013056001625955105,-0.014100020052865148,-29.819456144741665
FLL,MCO,short,285.9013961051168,200,0.02198250003857538,0.03700199944432825,0.022099993657320738,0.03579998156055808,285.901791,285.901791,True,0.0,1,1,2,2,0,0.0,10,10,0,0.5940895186393748,0.6173185765455524,-0.015019499405752867,-0.013699987903237343,-68.32480099804987
MCO,FLL,short,285.9013961051168,200,0.07416449981974438,0.06999900069786236,0.05844997940585017,0.05760003114119172,1774.4792278999998,1774.4792278999998,True,0.0,2,2,12,4,8,66.66666666666666,168,41,127,1.0595079798333353,1.014756038283643,0.004165499121882021,0.0008499482646584511,5.616567403550487
BOS,JFK,short,300.17797708950235,200,0.03738599974894896,0.051255500002298504,0.02719997428357601,0.04980002995580435,300.1783917,300.1783917,True,0.0,1,1,2,2,0,0.0,19,19,0,0.7294046443264123,0.5461838940200431,-0.013869500253349543,-0.022600055672228336,-37.09811251935147
MCO,MIA,short,309.9731294998318,200,0.02586349961347878,0.034847000788431615,0.02174999099224806,0.03459997242316604,309.9735577,309.9735577,True,0.0,1,1,2,2,0,0.0,11,11,0,0.7422015963584692,0.6286129574393993,-0.008983501174952835,-0.012849981430917978,-34.73428309860695
MIA,MCO,short,309.9731294998318,200,0.02818349952576682,0.03984899987699464,0.022100022761151195,0.03679998917505145,309.9735577,309.9735577,True,0.0,1,1,2,2,0,0.0,12,12,0,0.7072573869548362,0.6005442734242407,-0.01166550035122782,-0.014699966413900256,-41.391241497751594
BOS,EWR,short,322.3061793065701,200,0.03470050054602325,0.05508800008101389,0.027799978852272034,0.04640000406652689,322.3066245,322.3066245,True,0.0,1,1,3,2,1,33.33333333333333,35,19,16,0.629910334283179,0.5991374227556809,-0.02038749953499064,-0.018600025214254856,-58.752753459422614
EWR,BOS,short,322.3061793065701,200,0.023872999590821564,0.057296002050861716,0.023600005079060793,0.04179996903985739,322.3066245,322.3066245,True,0.0,1,1,2,2,0,0.0,16,16,0,0.416660826869377,0.5645938411236037,-0.03342300246004015,-0.018199963960796595,-140.00336377038383
DFW,IAH,short,361.6206139496341,200,0.0303375007933937,0.059933000593446195,0.024200009647756815,0.04700000863522291,361.6211134,361.6211134,True,0.0,1,1,2,2,0,0.0,17,17,0,0.5061902540002506,0.5148937276922276,-0.029595499800052494,-0.022799998987466097,-97.5541789075032
IAH,DFW,short,361.6206139496341,200,0.03709449927555397,0.05683999974280596,0.025500019546598196,0.0420999713242054,361.6211134,361.6211134,True,0.0,1,1,2,2,0,0.0,16,16,0,0.6526125869704793,0.6057015894435288,-0.019745500467251986,-0.016599951777607203,-53.23026554577237
ATL,CLT,short,364.5670800162342,200,0.03747500013560057,0.055019999854266644,0.027999980375170708,0.046600005589425564,364.5675836,364.5675836,True,0.0,1,1,2,2,0,0.0,19,19,0,0.6811159621021788,0.6008578758952862,-0.017544999718666077,-0.018600025214254856,-46.81787766559245
DTW,ORD,short,376.38863271849743,200,0.033167999354191124,0.05864500009920448,0.026100024115294218,0.043599982745945454,376.3891526,376.3891526,True,0.0,1,1,2,2,0,0.0,17,17,0,0.5655725006067661,0.5986246432109281,-0.025477000745013356,-0.017499958630651236,-76.81199119956588
ORD,DTW,short,376.38863271849743,200,0.024808500020299107,0.05697200045688078,0.023799948394298553,0.0418000272475183,376.3891526,376.3891526,True,0.0,1,1,2,2,0,0.0,16,16,0,0.4354507445999795,0.5693763846939017,-0.03216350043658167,-0.018000078853219748,-129.64709841491614
LAS,LAX,short,379.99427342364186,200,0.022353000531438738,0.048871000471990556,0.022299995180219412,0.036299985367804766,379.9947983,379.9947983,True,0.0,1,1,2,2,0,0.0,12,12,0,0.4573878233626487,0.6143251837230148,-0.026517999940551817,-0.013999990187585354,-118.63284261661047
LAX,LAS,short,379.99427342364186,200,0.02539250039262697,0.052005500183440745,0.02459995448589325,0.04529999569058418,379.9947983,379.9947983,True,0.0,1,1,2,2,0,0.0,17,17,0,0.4882656700360376,0.5430454045497065,-0.026612999790813774,-0.020700041204690933,-104.80653491903142
LAS,PHX,short,410.84865923201306,200,0.027679999766405672,0.05383850046200678,0.026800029445439577,0.04020001506432891,410.8492267,410.8492267,True,0.0,1,1,3,2,1,33.33333333333333,29,12,17,0.5141302140452284,0.6666671493170738,-0.026158500695601106,-0.013399985618889332,-94.50325475561903
PHX,LAS,short,410.84865923201306,200,0.030510498909279704,0.06003499962389469,0.030499999411404133,0.05055000656284392,974.3565005,974.3565005,True,0.0,2,2,4,3,1,25.0,36,26,10,0.5082118614211857,0.6033629169461421,-0.029524500714614987,-0.020050007151439786,-96.76833145994598
PHL,BOS,short,450.1419761839607,200,0.024196000304073095,0.0439300003927201,0.021099986042827368,0.03370002377778292,450.1425979,450.1425979,True,0.0,1,1,2,2,0,0.0,10,10,0,0.550785342312056,0.6261119037173424,-0.019734000088647008,-0.01260003773495555,-81.5589347026295
MSP,ORD,short,536.9953198971815,200,0.027908000338356942,0.053127999999560416,0.022899999748915434,0.0391000066883862,536.9960616,536.9960616,True,0.0,1,1,2,2,0,0.0,14,14,0,0.5252974013436955,0.5856776427538918,-0.025219999661203474,-0.016200006939470768,-90.36835085078071
ORD,MSP,short,536.9953198971815,200,0.03967049968196079,0.07969999918714166,0.02989999484270811,0.04579999949783087,536.9960616,536.9960616,True,0.0,1,1,3,2,1,33.33333333333333,33,16,17,0.4977478053520608,0.6528383225009469,-0.040029499505180866,-0.015900004655122757,-100.90495412484893
LAS,SLC,short,591.9385974194728,200,0.04224149975925684,0.043188500276301056,0.031800009310245514,0.03619998460635543,591.939415,591.939415,True,0.0,1,1,4,2,2,50.0,38,12,26,0.9780728547880634,0.8784536694157202,-0.0009470005170442164,-0.004399975296109915,-2.241872382470733
SLC,LAS,short,591.9385974194728,200,0.05342549993656576,0.06326999951852486,0.03565000952221453,0.05440000677481294,1636.9567056,1636.9567056,True,0.0,2,2,6,4,2,33.33333333333333,71,37,34,0.8444049366702346,0.6553309757806941,-0.009844499581959099,-0.018749997252598405,-18.42659328157503
LAX,PHX,short,594.360881267904,200,0.03381699993042275,0.06100250000599772,0.028499984182417393,0.04409998655319214,594.3617022,594.3617022,True,0.0,1,1,3,2,1,33.33333333333333,29,17,12,0.5543543285455169,0.6462583417807062,-0.027185500075574964,-0.015600002370774746,-80.3900409010502
PHX,LAX,short,594.360881267904,200,0.02122949983458966,0.05110350175527856,0.021099986042827368,0.032100011594593525,594.3617022,594.3617022,True,0.0,1,1,2,2,0,0.0,9,9,0,0.41542162680460215,0.6573202000456957,-0.029874001920688897,-0.011000025551766157,-140.71929227467984
SLC,DEN,short,627.5898237043757,200,0.021968499931972474,0.05156700004590675,0.021200045011937618,0.03539997851476073,627.5906906,627.5906906,True,0.0,1,1,2,2,0,0.0,10,10,0,0.42601857607414323,0.5988716914926328,-0.02959850011393428,-0.014199933502823114,-134.7315483787642
ATL,MCO,short,650.7363445761619,200,0.030718999914824963,0.06547049997607246,0.030399998649954796,0.04680000711232424,650.7372434,650.7372434,True,0.0,1,1,3,2,1,33.33333333333333,37,19,18,0.46920368602732304,0.6495725220082137,-0.0347515000612475,-0.016400008462369442,-113.12705543020121
MCO,ATL,short,650.7363445761619,200,0.035650999925564975,0.05330250016413629,0.030199997127056122,0.04840001929551363,1119.7715415,1119.7715415,True,0.0,2,2,4,3,1,25.0,41,29,12,0.6688429213598532,0.6239666340351122,-0.017651500238571316,-0.018200022168457508,-49.511935921644664
CLT,PHL,short,721.4732222849099,200,0.04760049981996417,0.057934000506065786,0.02829998265951872,0.04510005237534642,721.4742188,721.4742188,True,0.0,1,1,3,2,1,33.33333333333333,37,18,19,0.8216332275376067,0.6274933435551546,-0.010333500686101615,-0.016800069715827703,-21.708807103255733
PHL,CLT,short,721.4732222849099,200,0.06227349949767813,0.07893650094047189,0.04975000047124922,0.0589000410400331,1436.1620166,1436.1620166,True,0.0,2,2,9,3,6,66.66666666666666,124,29,95,0.7889062570006774,0.8446513719308821,-0.016663001442793757,-0.00915004056878388,-26.757772691761183
DTW,PHL,short,728.0522348217404,200,0.044840999762527645,0.0704114994732663,0.03330002073198557,0.04754998371936381,728.0532405,728.0532405,True,0.0,1,1,3,2,1,33.33333333333333,33,17,16,0.6368419945317708,0.7003161331982702,-0.02557049971073866,-0.01424996298737824,-57.024820691235355
CLT,MCO,short,755.2029147248458,200,0.03878099931171164,0.05307199957314879,0.03090000245720148,0.04529999569058418,755.2039579,755.2039579,True,0.0,1,1,4,2,2,50.0,47,18,29,0.7307242919735867,0.6821193244312866,-0.014291000261437148,-0.014399993233382702,-36.85052091249579
MCO,CLT,short,755.2029147248458,200,0.03122099908068776,0.041044501413125545,0.024900014977902174,0.035999983083456755,755.2039579,755.2039579,True,0.0,1,1,3,2,1,33.33333333333333,23,11,12,0.7606621595043582,0.6916674077367719,-0.009823502332437783,-0.01109996810555458,-31.464407359450153
DTW,EWR,short,783.474541119275,200,0.03768849914195016,0.06053600081941113,0.0305499997921288,0.0467000063508749,783.4756233,783.4756233,True,0.0,1,1,4,2,2,50.0,43,17,26,0.6225799298235964,0.6541754954505796,-0.02284750167746097,-0.0161500065587461,-60.62194621072072
EWR,DTW,short,783.474541119275,200,0.03980500070611015,0.0477809997391887,0.032699957955628633,0.04255000385455787,783.4756233,783.4756233,True,0.0,1,1,5,2,3,60.0,61,16,45,0.8330717423951921,0.7685065803378507,-0.007975999033078551,-0.009850045898929238,-20.037680923478085
CLT,DTW,medium,805.6961398577145,200,0.0382045007427223,0.05635500041535124,0.03409999771974981,0.04650000482797623,805.6972527,805.6972527,True,0.0,1,1,5,2,3,60.0,58,18,40,0.6779256580808276,0.7333332081555809,-0.01815049967262894,-0.012400007108226418,-47.50879953872054
PHX,SLC,medium,817.7440672985483,200,0.04179299983661622,0.034413500980008394,0.027700007194653153,0.0342000275850296,817.7451968,817.7451968,True,0.0,1,1,3,2,1,33.33333333333333,26,9,17,1.2144361557661556,0.8099410775556887,0.0073794988566078246,-0.006500020390376449,17.657260511226582
EWR,CLT,medium,850.2863956391844,200,0.04743649915326387,0.05710899975383654,0.03609998384490609,0.04159999662078917,850.2875701,850.2875701,True,0.0,1,1,6,2,4,66.66666666666666,78,16,62,0.8306308875612397,0.8677881436861823,-0.009672500600572675,-0.005500012775883079,-20.39041829229753
FLL,ATL,medium,936.441360903343,200,0.03085999982431531,0.047251499781850725,0.02850001328624785,0.03319996176287532,936.4426544,936.4426544,True,0.0,1,1,4,2,2,50.0,33,10,23,0.6531009590550313,0.8584351238053828,-0.016391499957535416,-0.004699948476627469,-53.11568389776908
DTW,ATL,medium,958.1975914992888,200,0.04602599976351485,0.060156999388709664,0.04460004856809974,0.04769995575770736,1170.2648363,1170.2648363,True,0.0,2,2,9,3,6,66.66666666666666,126,35,91,0.7650979974269305,0.9350123676140573,-0.014130999625194818,-0.0030999071896076202,-30.702211136750932
DEN,PHX,medium,968.5377553801859,200,0.027813499909825623,0.05631949956296012,0.026900030206888914,0.04549999721348286,968.5390932,968.5390932,True,0.0,1,1,3,2,1,33.33333333333333,28,18,10,0.493852042821024,0.5912094913033912,-0.028505999653134495,-0.018599967006593943,-102.48979720478917
DEN,LAS,medium,1009.3646205052879,200,0.04237749963067472,0.04665499960538,0.028900045435875654,0.045199994929134846,1009.366015,1009.366015,True,0.0,1,1,4,2,2,50.0,37,18,19,0.9083163645721686,0.6393816079224242,-0.004277499974705279,-0.01629994949325919,-10.093799804104142
CLT,FLL,medium,1019.2738618657621,200,0.06312800047453493,0.062236499798018485,0.043599982745945454,0.04499999340623617,1019.27527,1019.27527,True,0.0,1,1,9,2,7,77.77777777777779,123,18,105,1.0143244025517133,0.9688886474348527,0.0008915006765164435,-0.001400010660290718,1.4122111738293808
MIA,CLT,medium,1049.4002848138857,200,0.029665000329259783,0.05650000006426126,0.0295999925583601,0.041000021155923605,1065.1775155999999,1065.1775155999999,True,0.0,2,2,4,3,1,25.0,42,23,19,0.5250442530180491,0.7219506654835848,-0.026834999735001475,-0.011400028597563505,-90.46013631266688
PHL,ORD,medium,1088.3236696135468,200,0.05193900055019185,0.05969399964669719,0.041700026486068964,0.04840001929551363,1104.4423931000001,1104.4423931000001,True,0.0,2,2,7,3,4,57.14285714285714,97,27,70,0.870087460341009,0.8615704516864581,-0.007754999096505344,-0.006699992809444666,-14.930974824999211
SLC,SEA,medium,1106.7145030449092,200,0.05321299977367744,0.07733900070888922,0.0476500135846436,0.05139998393133283,2272.6587956000003,2272.6587956000003,True,0.0,2,2,10,3,7,70.0,129,28,101,0.688048711334865,0.9270433556613763,-0.024126000935211778,-0.0037499703466892242,-45.33854704268343
BOS,CLT,medium,1170.6751261733011,200,0.06851149984868243,0.05094500054838136,0.040950020775198936,0.046200002543628216,1170.676743,1170.676743,True,0.0,1,1,6,2,4,66.66666666666666,78,19,59,1.3448130162177259,0.8863640372428216,0.017566499300301075,-0.005249981768429279,25.64022002014148
JFK,ORD,medium,1187.8355870120465,200,0.046537000162061304,0.05274300026940182,0.032699957955628633,0.04244997398927808,1187.837228,1187.837228,True,0.0,1,1,4,2,2,50.0,51,16,35,0.8823350951663467,0.7703175027595521,-0.006206000107340515,-0.009750016033649445,-13.335625600551438
ATL,JFK,medium,1222.0934389187266,200,0.054873999615665525,0.06714200018905103,0.0501000031363219,0.0464499753434211,1222.095127,1222.095127,True,0.0,1,1,12,2,10,83.33333333333334,162,19,143,0.8172827657972264,1.0785797573823206,-0.012268000573385507,0.0036500277929008007,-22.35667284927272
MCO,IAH,medium,1372.000405800551,200,0.05087949975859374,0.03733350109541789,0.03659998765215278,0.037299992982298136,1372.002301,1372.002301,True,0.0,1,1,5,2,3,60.0,60,11,49,1.3628376194494765,0.9812330975376439,0.013545998663175851,-0.000700005330145359,26.623686804011637
LAX,DEN,medium,1385.139205415772,200,0.04494049964705482,0.04942450032103807,0.03125000512227416,0.04360004095360637,1385.141119,1385.141119,True,0.0,1,1,5,2,3,60.0,48,17,31,0.9092757509968273,0.71674256351104,-0.004484000673983246,-0.012350035831332207,-9.977638676024615
PHL,MCO,medium,1388.5554902269255,200,0.04555800056550652,0.04522550036199391,0.04435001756064594,0.03320001997053623,1388.557408,1388.557408,True,0.0,1,1,8,2,6,75.0,113,10,103,1.0073520514057603,1.3358430988898473,0.000332500203512609,0.011149997590109706,0.7298393243454937
LAS,SEA,medium,1395.1092057509343,200,0.03771299961954355,0.04488999838940799,0.03619998460635543,0.035999983083456755,1395.111133,1395.111133,True,0.0,1,1,6,2,4,66.66666666666666,66,12,54,0.840120315719194,1.0055556004688952,-0.00717699876986444,0.000200001522898674,-19.030569942108745
ATL,MSP,medium,1459.7181270186938,200,0.06698600016534328,0.04783749987836927,0.05250005051493645,0.046900007873773575,1459.720143,1459.720143,True,0.0,1,1,13,2,11,84.61538461538461,178,19,159,1.4002822123994905,1.1194038742218295,0.019148500286974013,0.005600042641162872,28.585824261352034
IAH,ORD,medium,1490.6518824102207,200,0.05126750038471073,0.0580715000978671,0.03649998689070344,0.04184999852441251,1490.653941,1490.653941,True,0.0,1,1,6,2,4,66.66666666666666,81,16,65,0.8828340975919395,0.8721622025724032,-0.006803999713156372,-0.005350011633709073,-13.271565147704179
DFW,CLT,medium,1503.206927537807,200,0.039435999060515314,0.05595600028755143,0.038700003642588854,0.04460004856809974,1503.209004,1503.209004,True,0.0,1,1,7,2,5,71.42857142857143,91,17,74,0.7047680116137369,0.8677121412434761,-0.01652000122703612,-0.005900044925510883,-41.890662391197075
MCO,JFK,medium,1521.388614274919,200,0.06440400029532611,0.08206649945350364,0.05030003376305103,0.0543000060133636,1625.7343716999999,1625.7343716999999,True,0.0,2,2,10,4,6,60.0,135,39,96,0.7847782069931647,0.9263356941557586,-0.017662499158177525,-0.003999972250312567,-27.42453741566626
SEA,LAX,medium,1536.9096838729727,200,0.04430500150192529,0.05307700048433617,0.03300001844763756,0.04840001929551363,1775.1059313,1775.1059313,True,0.0,2,2,5,3,2,40.0,56,28,28,0.8347306949834208,0.6818182911488312,-0.008771998982410878,-0.015400000847876072,-19.799116770213153
FLL,IAH,medium,1551.5348292584895,200,0.0468619997263886,0.05594199988991022,0.03850000211969018,0.0433000095654279,1657.904092,1657.904092,True,0.0,2,2,7,3,4,57.14285714285714,80,21,59,0.8376890318295664,0.8891453490677702,-0.009080000163521618,-0.0048000074457377195,-19.376040750579726
DFW,MCO,medium,1582.4157316486303,200,0.04988750035408884,0.04836599953705445,0.042899977415800095,0.046200002543628216,1582.417917,1582.417917,True,0.0,1,1,8,2,6,75.0,109,17,92,1.0314580662365662,0.9285708886117096,0.0015215008170343935,-0.003300025127828121,3.0498638060339034
DFW,SLC,medium,1589.4643642336023,200,0.06498249975265935,0.0589734993991442,0.05019997479394078,0.04710000939667225,1589.46656,1589.46656,True,0.0,1,1,10,2,8,80.0,137,17,120,1.101893230260003,1.065816661970508,0.006009000353515148,0.0030999653972685337,9.24710556901781
PHL,FLL,medium,1600.6274630963787,200,0.06943649990716949,0.03545800020219758,0.056999968364834785,0.03319996176287532,1600.629674,1600.629674,True,0.0,1,1,11,2,9,81.81818181818183,156,10,146,1.9582745645894046,1.7168684943659478,0.03397849970497191,0.023800006601959467,48.93463776313348
ORD,MCO,medium,1620.0831318136934,200,0.07183450070442632,0.055816000676713884,0.05259999306872487,0.04260000423528254,1620.08537,1620.08537,True,0.0,1,1,12,2,10,83.33333333333334,178,16,162,1.2869875991383106,1.234741498573844,0.016018500027712435,0.00999998883344233,22.29917361522832
PHL,MIA,medium,1634.2404123723134,200,0.0690194999333471,0.06256450054934248,0.05500001134350896,0.049399968702346087,1698.5309656999998,1698.5309656999998,True,0.0,2,2,12,4,8,66.66666666666666,166,31,135,1.1031735141706085,1.1133612588887514,0.006454999384004623,0.005600042641162872,9.35242850243524
IAH,MSP,medium,1666.9116598602661,200,0.046557999739889055,0.05272650043480098,0.045199994929134846,0.04205000004731119,1666.913962,1666.913962,True,0.0,1,1,10,2,8,80.0,128,16,112,0.8830094801656788,1.0749106986511188,-0.006168500694911927,0.003149994881823659,-13.24906724810817
EWR,FLL,medium,1716.8328256299758,200,0.058634499728213996,0.04361850064015016,0.04919996717944741,0.041599967516958714,1716.835197,1716.835197,True,0.0,1,1,11,2,9,81.81818181818183,156,16,140,1.3442575711610278,1.1826924422330491,0.015015999088063836,0.007599999662488699,25.609494679185218
DTW,IAH,medium,1730.8726864303042,200,0.06483800039859489,0.05569400091189891,0.05339999916031957,0.04469999112188816,1730.875077,1730.875077,True,0.0,1,1,12,2,10,83.33333333333334,173,17,156,1.1641828444173128,1.1946310909706488,0.009143999486695975,0.008700008038431406,14.1028400482476
MIA,JFK,medium,1757.121516123796,200,0.07994250016054139,0.07347650040173903,0.053149997256696224,0.0619000056758523,1935.7079294,1935.7079294,True,0.0,3,3,12,6,6,50.0,162,67,95,1.0880009217021627,0.8586428494857227,0.006465999758802354,-0.008750008419156075,8.088313157353433
FLL,DFW,medium,1798.9239552855797,200,0.059730500215664506,0.0588414998492226,0.05299999611452222,0.04740001168102026,2019.5252054,2019.5252054,True,0.0,3,3,12,4,8,66.66666666666666,161,37,124,1.0151083906548934,1.1181431023938815,0.0008890003664419055,0.005599984433501959,1.4883524551645433
DTW,DEN,medium,1802.2967600715726,200,0.06338150007650256,0.04537699976935983,0.05640002200379968,0.04339998122304678,1802.29925,1802.29925,True,0.0,1,1,13,2,11,84.61538461538461,189,17,172,1.3967759084702647,1.2995402397512896,0.018004500307142735,0.013000040780752897,28.406554413213627
DTW,FLL,medium,1818.2973566187509,200,0.07542299979832023,0.05552700022235513,0.06079999729990959,0.04569999873638153,1818.299868,1818.299868,True,0.0,1,1,14,2,12,85.71428571428571,207,17,190,1.3583121633852462,1.3304157326268595,0.019895999575965106,0.015099998563528061,26.379220700803018
FLL,ORD,medium,1905.3933635953615,200,0.05791249917820096,0.03489299939246848,0.05000003147870302,0.03319996176287532,1905.395995,1905.395995,True,0.0,1,1,11,2,9,81.81818181818183,145,10,135,1.6597168539973994,1.5060267790613477,0.023019499785732478,0.016800069715827703,39.748759097582386
ATL,DEN,medium,1926.6178280266222,200,0.06898550054756925,0.060766500246245414,0.059999991208314896,0.05050003528594971,1926.620489,1926.620489,True,0.0,1,1,15,2,13,86.66666666666667,211,19,192,1.13525544943378,1.1881178076128651,0.008219000301323831,0.009499955922365189,11.914098232361713
LAS,IAH,medium,1962.789206460367,200,0.04375550022814423,0.04639650112949312,0.04269997589290142,0.03609998384490609,1962.791918,1962.791918,True,0.0,1,1,7,2,5,71.42857142857143,82,12,70,0.9430775847950726,1.1828253463034895,-0.002641000901348889,0.006599992047995329,-6.035814669192496
FLL,BOS,medium,1994.3029127297125,200,0.0707674998557195,0.06337150000035763,0.05560001591220498,0.053800002206116915,2050.7722719,2050.7722719,True,0.0,2,2,13,4,9,69.23076923076923,178,36,142,1.1167086127884007,1.0334575024586785,0.007395999855361879,0.001800013706088066,10.451124980309912
ORD,SLC,long,2006.1548227624428,200,0.07161949964938685,0.042939999839290977,0.06150000263005495,0.04199997056275606,2006.157594,2006.157594,True,0.0,1,1,16,2,14,87.5,229,16,213,1.6678970637501853,1.464286803205304,0.028679499810095876,0.01950003206729889,40.04426161938623
MSP,PHX,long,2051.707832102017,200,0.06806749966926873,0.047903499798849225,0.0570000265724957,0.03940000897273421,2051.710666,2051.710666,True,0.0,1,1,14,2,12,85.71428571428571,206,14,192,1.4209295762332568,1.4467008525795295,0.020163999870419502,0.017600017599761486,29.623535414689528
DFW,PHL,long,2092.876657283358,200,0.06860900059109554,0.04706050007371232,0.05790003342553973,0.044300046283751726,2092.879548,2092.879548,True,0.0,1,1,15,2,13,86.66666666666667,198,17,181,1.4578893229700307,1.306997131666117,0.021548500517383218,0.013599987141788006,31.40768752165719
PHL,IAH,long,2129.4835088611494,200,0.06749199965270236,0.04281349974917248,0.06079999729990959,0.03575001028366387,2129.48645,2129.48645,True,0.0,1,1,13,2,11,84.61538461538461,178,10,168,1.5764186541187135,1.7006987359579147,0.024678499903529882,0.025049987016245723,36.565074424405154
EWR,DFW,long,2204.7901408863736,200,0.06446999992476776,0.04668950132327154,0.05790003342553973,0.04529999569058418,2204.793186,2204.793186,True,0.0,1,1,13,2,11,84.61538461538461,178,16,162,1.3808243416091885,1.2781465548257112,0.01778049860149622,0.01260003773495555,27.57949220140358
JFK,DFW,long,2234.896132049454,200,0.06471650034654886,0.04922100022668019,0.05989999044686556,0.046600005589425564,2234.899219,2234.899219,True,0.0,1,1,13,2,11,84.61538461538461,178,16,162,1.3148148158002964,1.2854073661411323,0.015495500119868666,0.013299984857439995,23.94366202883682
IAH,EWR,long,2250.545086627395,200,0.07416249951347709,0.06467600062023848,0.06669998401775956,0.0513000413775444,2306.8821159999998,2306.8821159999998,True,0.0,2,2,16,4,12,75.0,208,45,163,1.1466772651719914,1.3001935715193436,0.009486498893238604,0.015399942640215158,12.79150373230703
PHX,ORD,long,2313.425886292582,200,0.06697950040688738,0.044985999120399356,0.05629999213851988,0.04369998350739479,2588.7067276,2588.7067276,True,0.0,2,2,11,3,8,72.72727272727273,148,23,125,1.4888965837487613,1.2883298257765465,0.021993501286488026,0.012600008631125093,32.83616801093141
MSP,FLL,long,2396.0161017471937,200,0.07715950021520257,0.05123399925651029,0.06609997944906354,0.03980001201853156,2396.019411,2396.019411,True,0.0,1,1,18,2,16,88.88888888888889,254,14,240,1.5060214180995823,1.660803002227393,0.025925500958692282,0.02629996743053198,33.59988191523334
LAX,MSP,long,2467.2941748789767,200,0.05477850005263463,0.04524399933870882,0.043199979700148106,0.04369998350739479,2467.297583,2467.297583,True,0.0,1,1,9,2,7,77.77777777777779,115,17,98,1.2107351439590466,0.988558260962225,0.009534500713925809,-0.000500003807246685,17.405552734675943
DEN,PHL,long,2500.3905970170435,200,0.07260249898536131,0.05387599958339706,0.058800040278583765,0.04499999340623617,2500.394051,2500.394051,True,0.0,1,1,15,2,13,86.66666666666667,210,18,192,1.3475851872219404,1.3066677532098296,0.018726499401964247,0.013800046872347593,25.79318847652893
ATL,PHX,long,2549.0812304898345,200,0.07307399995625019,0.058145500079263,0.061350001487880945,0.05019997479394078,2549.084751,2549.084751,True,0.0,1,1,16,2,14,87.5,229,19,210,1.2567438556145687,1.222112197062019,0.014928499876987189,0.011150026693940163,20.429290699735837
BOS,IAH,long,2567.6454196710893,200,0.06514749984489754,0.048665000358596444,0.05959998816251755,0.04630000330507755,2567.648966,2567.648966,True,0.0,1,1,14,2,12,85.71428571428571,195,19,176,1.3386930928767482,1.287256671879793,0.016482499486301094,0.013299984857439995,25.300279405261062
DEN,JFK,long,2609.7820950736727,200,0.10603750095469877,0.0593690006644465,0.06389999180100858,0.05395000334829092,2619.023305,2619.023305,True,0.0,2,2,17,5,12,70.58823529411765,236,67,169,1.786075220535083,1.1844298023205382,0.04666850029025227,0.009949988452717662,44.01131662862362
PHX,DTW,long,2683.97964694054,200,0.07336349954130128,0.045636500290129334,0.059500045608729124,0.032699957955628633,2683.983354,2683.983354,True,0.0,1,1,12,2,10,83.33333333333334,164,9,155,1.607561909324782,1.8195755997443843,0.027726999251171947,0.02680008765310049,37.79399759353429
MIA,DEN,long,2748.691960413039,200,0.07045700011076406,0.06358200073009357,0.06210000719875097,0.051099981646984816,2885.6863738,2885.6863738,True,0.0,2,2,15,4,11,73.33333333333333,211,42,169,1.1081280755831349,1.2152647652157271,0.006874999380670488,0.011000025551766157,9.757723675237994
SLC,CLT,long,2773.5940119480383,200,0.06689750007353723,0.040138499753084034,0.055800017435103655,0.03300001844763756,2773.597843,2773.597843,True,0.0,1,1,13,2,11,84.61538461538461,181,10,171,1.6666666787514193,1.6909086739949484,0.026759000320453197,0.022799998987466097,40.0000004350511
LAS,ATL,long,2804.8279085707227,200,0.06527000048663467,0.05165799957467243,0.055800017435103655,0.04179996903985739,2959.9339777,2959.9339777,True,0.0,2,2,12,3,9,75.0,162,21,141,1.2635022847194437,1.3349296355195108,0.013612000911962241,0.014000048395246267,20.85491161402637
DEN,BOS,long,2815.7313302086004,200,0.08239749993663281,0.05303800047840923,0.07624999852851033,0.04850002005696297,2815.735219,2815.735219,True,0.0,1,1,20,2,18,90.0,274,18,256,1.5535559258154026,1.5721642679519554,0.02935949945822358,0.027749978471547365,35.6315415890073
PHX,MCO,long,2969.687910689345,200,0.10870149970287457,0.05266200052574277,0.08965001325123012,0.03850000211969018,2969.692013,2969.692013,True,0.0,1,1,14,2,12,85.71428571428571,199,9,190,2.0641354034725286,2.328571644555316,0.0560394991771318,0.05115001113153994,51.553565802045554
PHL,SLC,long,3092.8145600680273,200,0.08426149957813323,0.05664599942974746,0.06985000800341368,0.048200017772614956,3105.9480605,3105.9480605,True,0.0,2,2,16,3,13,81.25,229,27,202,1.4875101582881345,1.4491697561800332,0.027615500148385763,0.02164999023079872,32.7735683398071
MCO,SLC,long,3103.2833801135844,200,0.0769035000121221,0.04060499923070893,0.07069998537190259,0.037299992982298136,3103.287667,3103.287667,True,0.0,1,1,17,2,15,88.23529411764706,238,11,227,1.8939416689844726,1.8954423236877136,0.03629850078141317,0.03339999238960445,47.20006342454054
EWR,SLC,long,3160.2462463714473,200,0.0723224991816096,0.048432000330649316,0.06835002568550408,0.04650000482797623,3160.250611,3160.250611,True,0.0,1,1,16,2,14,87.5,229,16,213,1.4932792097757237,1.4698928728794889,0.023890498850960284,0.021850020857527852,33.033287180754996
FLL,PHX,long,3168.9091267866625,200,0.08249249978689477,0.038785499637015164,0.07329997606575489,0.03600004129111767,3168.913504,3168.913504,True,0.0,1,1,16,2,14,87.5,229,10,219,2.1268902182239153,2.0361081109048693,0.043707000149879605,0.03729993477463722,52.982998772966205
JFK,SLC,long,3193.6019424482624,200,0.08426200016401708,0.04916549863992259,0.06920000305399299,0.041700026486068964,3193.606354,3193.606354,True,0.0,1,1,16,2,14,87.5,229,16,213,1.7138441080631284,1.6594714412738116,0.03509650152409449,0.027499976567924023,41.65163591628337
PHL,PHX,long,3332.824246059256,200,0.07778700062772259,0.04162200028076768,0.0703000114299357,0.03349996404722333,3332.82885,3332.82885,True,0.0,1,1,17,2,15,88.23529411764706,239,10,229,1.8688914541107653,2.0985100560357934,0.03616500034695491,0.036800047382712364,46.49234455000445
SLC,MIA,long,3357.451175131192,200,0.07985499978531152,0.05651599989505485,0.07290003122761846,0.049200025387108326,3376.2864476,3376.2864476,True,0.0,2,2,19,3,16,84.21052631578947,262,28,234,1.412962699653109,1.4817071872227152,0.023338999890256673,0.02370000584051013,29.22672337737534
LAX,CLT,long,3412.534185306926,200,0.05907550046686083,0.048945001035463065,0.058399979025125504,0.04369998350739479,3412.538899,3412.538899,True,0.0,1,1,13,2,11,84.61538461538461,181,17,164,1.2069772033319137,1.3363844637434066,0.010130499431397766,0.014699995517730713,17.14839375263626
PHX,JFK,long,3458.119060455386,200,0.0915404994157143,0.07997450098628178,0.07919996278360486,0.06264998228289187,3500.707409,3500.707409,True,0.0,2,2,19,4,15,78.94736842105263,258,42,216,1.1446210765530935,1.2641657650593203,0.011565998429432511,0.01654998050071299,12.634843051169797
MIA,LAS,long,3494.1538856851685,200,0.08830200036754832,0.03960700036259368,0.06890000076964498,0.036299985367804766,3494.158712,3494.158712,True,0.0,1,1,18,2,16,88.88888888888889,248,12,236,2.2294543782453164,1.8980724116421783,0.048695000004954636,0.03260001540184021,55.14597608464874
SEA,ATL,long,3504.977057741039,200,0.0628939998568967,0.05904050049139187,0.051799986977130175,0.04409998655319214,3504.981899,3504.981899,True,0.0,1,1,12,2,10,83.33333333333334,162,16,146,1.0652687449027751,1.1746032374556512,0.003853499365504831,0.007700000423938036,6.126974551265196
JFK,LAS,long,3609.2825234219513,200,0.07413299928884953,0.04653900134144351,0.07154999184422195,0.04549999721348286,3609.287509,3609.287509,True,0.0,1,1,18,2,16,88.88888888888889,248,16,232,1.5929220041692913,1.572527389584538,0.027593997947406024,0.026049994630739093,37.222287256839046
BOS,PHX,long,3693.775419721174,200,0.073297000490129,0.05870500084711239,0.06940000457689166,0.051799986977130175,3693.780522,3693.780522,True,0.0,1,1,17,2,15,88.23529411764706,239,19,220,1.2485648485214929,1.3397687649522372,0.014591999643016607,0.017600017599761486,19.908044729581707
FLL,LAX,long,3763.223185291661,200,0.0849324997398071,0.03967949975049123,0.07599999662488699,0.03334999200887978,3763.228383,3763.228383,True,0.0,1,1,19,2,17,89.47368421052632,260,10,250,2.1404629663647823,2.2788610145589003,0.04525299998931587,0.04265000461600721,53.28113516963424
BOS,LAS,long,3822.6708469982896,200,0.07538199977716431,0.05590099957771599,0.06469996878877282,0.04650000482797623,3822.676127,3822.676127,True,0.0,1,1,18,2,16,88.88888888888889,248,19,229,1.3484910886497654,1.3913970337879789,0.019481000199448317,0.018199963960796595,25.843039793366895
LAX,PHL,long,3856.3149105102643,200,0.07450400007655844,0.04916550009511411,0.06430002395063639,0.044599990360438824,3856.320237,3856.320237,True,0.0,1,1,17,2,15,88.23529411764706,232,17,215,1.5153715498149154,1.4417048844851754,0.02533849998144433,0.019700033590197563,34.00958331822066
EWR,LAX,long,3941.010291434483,200,0.08037349965889007,0.053490000136662275,0.07109995931386948,0.042199972085654736,3941.015735,3941.015735,True,0.0,1,1,20,2,18,90.0,276,16,260,1.5025892588061844,1.6848342735761872,0.026883499522227794,0.02889998722821474,33.44821320002609
SEA,BOS,long,4005.5088356419633,200,0.07972050021635368,0.0486549997003749,0.06600000779144466,0.0418000272475183,4005.514368,4005.514368,True,0.0,1,1,17,2,15,88.23529411764706,241,16,225,1.6384852678508888,1.5789465255758446,0.031065500515978783,0.024199980543926358,38.96802005967102
LAX,BOS,long,4193.029087460071,200,0.08521049952832982,0.0522720004664734,0.07369997911155224,0.04440004704520106,4193.034879,4193.034879,True,0.0,1,1,20,2,18,90.0,274,17,257,1.6301365696341152,1.6599076806500372,0.03293849906185642,0.029299932066351175,38.655446505046484
SEA,MIA,long,4379.461984846509,200,0.11750649922760203,0.05864299921086058,0.08269998943433166,0.04929996794089675,4393.763862,4393.763862,True,0.0,2,2,20,3,17,85.0,281,34,247,2.0037600533541613,1.6774856635500557,0.058863500016741455,0.033400021493434906,50.093824940462994
